tx_idx,count
0,4173
1,3947
2,4272
3,4071
4,3974
5,3909
6,3863
7,3734
8,3720
9,3786
10,3715
11,3744
12,3754
13,3779
14,3813
15,3821
16,3845
17,3918
18,4021
19,3942
20,3936
21,3960
22,3998
23,4023
24,3992
25,3986
26,4038
27,4100
28,4081
29,4033
30,4110
31,3950
32,3979
33,3968
34,4087
35,4027
36,4076
37,4065
38,4129
39,4068
40,4049
41,3958
42,3886
43,4112
44,3932
45,3947
46,3933
47,3965
48,3970
49,4032
50,4044
51,3953
52,3955
53,3969
54,4011
55,3971
56,4013
57,4082
58,4012
59,3939
60,4121
61,4022
62,3930
63,3992
64,4566
65,4072
66,4259
67,4266
68,4348
69,4285
70,4366
71,4362
72,4442
73,4498
74,4477
75,4522
76,4398
77,4407
78,4477
79,4441
80,4370
81,4443
82,4375
83,4389
84,4247
85,4089
86,4220
87,4190
88,4166
89,4209
90,4206
91,4150
92,4028
93,3945
94,4172
95,3999
96,3956
97,3970
98,4008
99,3845
100,3855
101,3898
102,3870
103,3903
104,3842
105,3810
106,3851
107,3790
108,3833
109,3768
110,3673
111,3773
112,3889
113,3736
114,3686
115,3707
116,3799
117,3698
118,3787
119,3750
120,3663
121,3643
122,3625
123,3580
124,3619
125,3650
126,3680
127,3599
128,3670
129,3669
130,3603
131,3501
132,3543
133,3578
134,3663
135,3657
136,3634
137,3533
138,3601
139,3569
140,3548
141,3566
142,3623
143,3531
144,3580
145,3460
146,3571
147,3468
148,3505
149,3503
150,3444
151,3522
152,3613
153,3461
154,3447
155,3483
156,3499
157,3392
158,3393
159,3390
160,3398
161,3399
162,3555
163,3374
164,3306
165,3319
166,3248
167,3220
168,3259
169,3279
170,3291
171,3182
172,3138
173,3209
174,3115
175,3095
176,3169
177,3107
178,2994
179,3053
180,3040
181,3126
182,2938
183,2995
184,2878
185,2880
186,2827
187,2874
188,2892
189,2802
190,2806
191,2822
192,2755
193,2800
194,2691
195,2724
196,2779
197,2742
198,2687
199,2762
200,2629
201,2636
202,2579
203,2651
204,2602
205,2654
206,2675
207,2571
208,2630
209,2682
210,2631
211,2530
212,2653
213,2578
214,2558
215,2512
216,2462
217,2601
218,2479
219,2564
220,2551
221,2476
222,2486
223,2422
224,2481
225,2536
226,2483
227,2464
228,2451
229,2501
230,2493
231,2421
232,2347
233,2345
234,2382
235,2354
236,2297
237,2339
238,2377
239,2274
240,2303
241,2259
242,2155
243,2326
244,2226
245,2214
246,2176
247,2158
248,2132
249,2117
250,2208
251,2201
252,2248
253,2161
254,2106
255,2154
256,2138
257,2133
258,2041
259,2020
260,2089
261,2003
262,1972
263,1937
264,2048
265,2077
266,1966
267,1980
268,1987
269,2036
270,1912
271,1924
272,1936
273,2012
274,1899
275,1934
276,1886
277,1912
278,1852
279,1777
280,1901
281,1852
282,1835
283,1853
284,1771
285,1823
286,1912
287,1869
288,1892
289,1820
290,1853
291,1901
292,1844
293,1765
294,1776
295,1752
296,1742
297,1711
298,1694
299,1708
300,1677
301,1738
302,1752
303,1672
304,1702
305,1719
306,1670
307,1748
308,1652
309,1692
310,1613
311,1654
312,1711
313,1671
314,1631
315,1583
316,1581
317,1613
318,1556
319,1595
320,1599
321,1595
322,1561
323,1618
324,1609
325,1533
326,1567
327,1512
328,1590
329,1532
330,1560
331,1567
332,1545
333,1566
334,1545
335,1535
336,1580
337,1542
338,1507
339,1512
340,1524
341,1493
342,1455
343,1486
344,1455
345,1465
346,1463
347,1457
348,1483
349,1495
350,1456
351,1518
352,1438
353,1431
354,1432
355,1497
356,1455
357,1402
358,1398
359,1465
360,1448
361,1417
362,1431
363,1406
364,1411
365,1436
366,1386
367,1453
368,1378
369,1430
370,1371
371,1421
372,1469
373,1387
374,1354
375,1348
376,1297
377,1346
378,1348
379,1301
380,1273
381,1313
382,1336
383,1295
384,1355
385,1351
386,1298
387,1261
388,1353
389,1294
390,1378
391,1303
392,1290
393,1392
394,1300
395,1198
396,1240
397,1290
398,1296
399,1268
400,1300
401,1253
402,1224
403,1218
404,1289
405,1259
406,1249
407,1222
408,1166
409,1204
410,1308
411,1287
412,1317
413,1253
414,1274
415,1224
416,1296
417,1196
418,1238
419,1208
420,1175
421,1237
422,1248
423,1259
424,1228
425,1224
426,1194
427,1183
428,1228
429,1246
430,1225
431,1207
432,1247
433,1252
434,1217
435,1249
436,1169
437,1162
438,1161
439,1162
440,1184
441,1116
442,1199
443,1177
444,1194
445,1167
446,1088
447,1123
448,1093
449,1135
450,1160
451,1169
452,1168
453,1178
454,1157
455,1169
456,1140
457,1118
458,1086
459,1078
460,1103
461,1088
462,1115
463,1129
464,1150
465,1100
466,1192
467,1111
468,1092
469,1103
470,1160
471,1094
472,1105
473,1124
474,1149
475,1144
476,1100
477,1158
478,1201
479,1113
480,1120
481,1110
482,1100
483,1087
484,1056
485,1075
486,1085
487,1070
488,1100
489,1101
490,1017
491,1027
492,1047
493,1051
494,1094
495,1069
496,1064
497,1033
498,1094
499,1058
500,1147
501,1102
502,1016
503,1055
504,1047
505,1077
506,1086
507,1041
508,1071
509,1031
510,1056
511,1056
512,1039
513,975
514,1013
515,1081
516,1049
517,1006
518,983
519,988
520,1043
521,1048
522,1004
523,1025
524,1011
525,1003
526,972
527,997
528,988
529,963
530,994
531,1091
532,1022
533,1026
534,1028
535,1036
536,1026
537,988
538,1007
539,1008
540,981
541,1030
542,1036
543,1030
544,995
545,980
546,1027
547,1032
548,1026
549,993
550,1015
551,1038
552,996
553,1023
554,1044
555,1019
556,970
557,987
558,1065
559,987
560,1000
561,1073
562,1028
563,1000
564,1008
565,1018
566,1026
567,1027
568,1011
569,1023
570,991
571,1047
572,998
573,1055
574,990
575,942
576,1022
577,992
578,1033
579,1069
580,982
581,1036
582,1002
583,906
584,1004
585,928
586,970
587,962
588,950
589,1018
590,995
591,989
592,929
593,1047
594,1001
595,1037
596,1021
597,974
598,972
599,993
600,939
601,981
602,995
603,983
604,1011
605,1035
606,1012
607,1008
608,983
609,951
610,941
611,949
612,962
613,978
614,984
615,980
616,1017
617,1005
618,1055
619,1015
620,1025
621,939
622,964
623,1014
624,988
625,988
626,982
627,983
628,934
629,990
630,957
631,975
632,955
633,963
634,977
635,991
636,993
637,951
638,1002
639,913
640,975
641,936
642,894
643,987
644,995
645,920
646,978
647,970
648,894
649,929
650,976
651,1003
652,1018
653,1034
654,967
655,963
656,998
657,988
658,987
659,965
660,964
661,934
662,955
663,949
664,988
665,1022
666,1018
667,989
668,974
669,959
670,1001
671,988
672,981
673,946
674,977
675,971
676,937
677,979
678,954
679,968
680,974
681,939
682,951
683,986
684,943
685,1041
686,992
687,977
688,1028
689,980
690,1043
691,992
692,963
693,1008
694,975
695,929
696,934
697,974
698,1055
699,993
700,992
701,986
702,977
703,997
704,1025
705,990
706,1007
707,994
708,1013
709,962
710,964
711,972
712,972
713,933
714,933
715,1018
716,995
717,1032
718,1001
719,1010
720,1058
721,990
722,1021
723,960
724,984
725,960
726,982
727,969
728,962
729,983
730,1045
731,966
732,1055
733,1039
734,991
735,1073
736,1091
737,1024
738,1034
739,1054
740,1015
741,1043
742,1016
743,986
744,979
745,1000
746,951
747,1032
748,1036
749,1098
750,987
751,1058
752,1037
753,1033
754,1013
755,1026
756,1004
757,1050
758,1090
759,1002
760,963
761,1006
762,1037
763,1039
764,1092
765,1087
766,1047
767,1082
768,1049
769,1087
770,1106
771,981
772,1055
773,1006
774,1056
775,1056
776,1030
777,1017
778,1023
779,1103
780,1052
781,1065
782,1075
783,1075
784,1131
785,1133
786,1033
787,1011
788,1004
789,1073
790,1114
791,1030
792,1102
793,1109
794,1132
795,1095
796,983
797,1073
798,1056
799,1051
800,1049
801,1079
802,1080
803,1040
804,1031
805,1060
806,1029
807,1099
808,1101
809,1122
810,1021
811,1143
812,1095
813,1078
814,1138
815,1056
816,1038
817,1081
818,1083
819,1126
820,1045
821,1058
822,1034
823,1185
824,1130
825,1130
826,1102
827,1090
828,1111
829,1155
830,1103
831,1094
832,1180
833,1170
834,1135
835,1161
836,1123
837,1139
838,1135
839,1115
840,1130
841,1178
842,1120
843,1114
844,1167
845,1100
846,1157
847,1138
848,1098
849,1114
850,1077
851,1112
852,1131
853,1129
854,1122
855,1118
856,1138
857,1117
858,1130
859,1138
860,1127
861,1144
862,1084
863,1155
864,1155
865,1099
866,1113
867,1165
868,1080
869,1088
870,1139
871,1071
872,1050
873,1097
874,1077
875,1101
876,1089
877,1129
878,1050
879,1052
880,1127
881,1101
882,1106
883,1120
884,1109
885,1146
886,1071
887,1145
888,1113
889,1104
890,1089
891,1120
892,1034
893,1150
894,1148
895,1044
896,1097
897,1163
898,1105
899,1131
900,1142
901,1178
902,1125
903,1152
904,1175
905,1137
906,1181
907,1178
908,1178
909,1176
910,1178
911,1145
912,1147
913,1176
914,1166
915,1155
916,1209
917,1202
918,1153
919,1108
920,1129
921,1067
922,1169
923,1092
924,1180
925,1105
926,1159
927,1131
928,1153
929,1144
930,1172
931,1127
932,1132
933,1133
934,1112
935,1181
936,1161
937,1185
938,1129
939,1213
940,1125
941,1127
942,1162
943,1157
944,1142
945,1207
946,1107
947,1197
948,1231
949,1249
950,1206
951,1200
952,1200
953,1178
954,1242
955,1169
956,1185
957,1235
958,1260
959,1253
960,1132
961,1182
962,1212
963,1231
964,1191
965,1203
966,1159
967,1140
968,1210
969,1128
970,1250
971,1153
972,1195
973,1200
974,1248
975,1223
976,1283
977,1210
978,1276
979,1286
980,1272
981,1234
982,1262
983,1292
984,1276
985,1242
986,1196
987,1266
988,1214
989,1160
990,1196
991,1272
992,1259
993,1254
994,1222
995,1272
996,1221
997,1224
998,1253
999,1306
1000,1231
1001,1249
1002,1226
1003,1172
1004,1262
1005,1209
1006,1244
1007,1261
1008,1254
1009,1322
1010,1240
1011,1227
1012,1278
1013,1306
1014,1278
1015,1242
1016,1250
1017,1207
1018,1236
1019,1329
1020,1303
1021,1326
1022,1301
1023,1263
1024,1235
1025,1310
1026,1280
1027,1251
1028,1246
1029,1290
1030,1243
1031,1259
1032,1268
1033,1351
1034,1302
1035,1358
1036,1286
1037,1297
1038,1329
1039,1297
1040,1252
1041,1226
1042,1239
1043,1252
1044,1290
1045,1316
1046,1340
1047,1234
1048,1278
1049,1310
1050,1315
1051,1319
1052,1310
1053,1278
1054,1324
1055,1321
1056,1341
1057,1314
1058,1373
1059,1278
1060,1245
1061,1236
1062,1340
1063,1307
1064,1306
1065,1313
1066,1292
1067,1311
1068,1285
1069,1346
1070,1303
1071,1255
1072,1346
1073,1311
1074,1267
1075,1322
1076,1320
1077,1261
1078,1342
1079,1405
1080,1327
1081,1264
1082,1362
1083,1298
1084,1307
1085,1380
1086,1270
1087,1312
1088,1318
1089,1314
1090,1331
1091,1359
1092,1304
1093,1345
1094,1330
1095,1320
1096,1297
1097,1376
1098,1332
1099,1275
1100,1248
1101,1368
1102,1354
1103,1358
1104,1350
1105,1324
1106,1385
1107,1322
1108,1410
1109,1402
1110,1328
1111,1395
1112,1413
1113,1372
1114,1355
1115,1404
1116,1388
1117,1376
1118,1426
1119,1370
1120,1364
1121,1414
1122,1482
1123,1389
1124,1404
1125,1312
1126,1329
1127,1505
1128,1444
1129,1518
1130,1454
1131,1397
1132,1463
1133,1391
1134,1407
1135,1416
1136,1438
1137,1425
1138,1417
1139,1440
1140,1418
1141,1399
1142,1446
1143,1370
1144,1366
1145,1402
1146,1436
1147,1446
1148,1385
1149,1428
1150,1403
1151,1460
1152,1379
1153,1405
1154,1464
1155,1381
1156,1426
1157,1399
1158,1426
1159,1422
1160,1437
1161,1401
1162,1418
1163,1441
1164,1503
1165,1448
1166,1396
1167,1446
1168,1483
1169,1452
1170,1525
1171,1475
1172,1419
1173,1412
1174,1478
1175,1476
1176,1453
1177,1562
1178,1438
1179,1562
1180,1330
1181,1519
1182,1499
1183,1481
1184,1479
1185,1461
1186,1414
1187,1477
1188,1557
1189,1465
1190,1522
1191,1607
1192,1529
1193,1486
1194,1603
1195,1602
1196,1516
1197,1529
1198,1530
1199,1453
1200,1541
1201,1472
1202,1527
1203,1567
1204,1507
1205,1531
1206,1505
1207,1553
1208,1524
1209,1501
1210,1485
1211,1604
1212,1511
1213,1628
1214,1546
1215,1501
1216,1528
1217,1589
1218,1600
1219,1670
1220,1598
1221,1600
1222,1587
1223,1620
1224,1610
1225,1612
1226,1629
1227,1631
1228,1570
1229,1568
1230,1621
1231,1513
1232,1564
1233,1665
1234,1553
1235,1552
1236,1577
1237,1596
1238,1663
1239,1605
1240,1601
1241,1560
1242,1635
1243,1604
1244,1633
1245,1626
1246,1604
1247,1652
1248,1590
1249,1656
1250,1663
1251,1668
1252,1707
1253,1645
1254,1699
1255,1653
1256,1610
1257,1735
1258,1705
1259,1615
1260,1652
1261,1756
1262,1690
1263,1680
1264,1745
1265,1665
1266,1589
1267,1673
1268,1749
1269,1723
1270,1712
1271,1729
1272,1753
1273,1747
1274,1779
1275,1780
1276,1679
1277,1741
1278,1726
1279,1795
1280,1737
1281,1786
1282,1703
1283,1756
1284,1756
1285,1798
1286,1799
1287,1750
1288,1710
1289,1783
1290,1770
1291,1753
1292,1802
1293,1772
1294,1786
1295,1753
1296,1819
1297,1814
1298,1800
1299,1826
1300,1835
1301,1841
1302,1767
1303,1855
1304,1794
1305,1876
1306,1874
1307,1800
1308,1762
1309,1874
1310,1880
1311,1914
1312,1816
1313,1787
1314,1844
1315,1828
1316,1857
1317,1901
1318,1806
1319,1885
1320,1893
1321,1924
1322,1846
1323,1918
1324,1891
1325,1876
1326,1981
1327,1936
1328,1934
1329,1894
1330,1975
1331,1865
1332,1919
1333,1907
1334,1956
1335,2055
1336,1954
1337,2033
1338,2008
1339,2012
1340,1988
1341,1965
1342,1972
1343,1966
1344,2003
1345,1900
1346,1992
1347,2026
1348,2032
1349,1884
1350,2005
1351,1944
1352,1953
1353,1888
1354,2006
1355,1996
1356,2081
1357,2082
1358,1986
1359,2051
1360,1992
1361,1896
1362,2081
1363,2043
1364,1987
1365,2083
1366,2083
1367,2048
1368,2120
1369,2135
1370,2027
1371,2167
1372,2139
1373,2162
1374,2079
1375,2032
1376,2111
1377,2093
1378,2066
1379,2188
1380,2090
1381,2140
1382,2094
1383,2081
1384,2168
1385,2152
1386,2078
1387,2051
1388,2103
1389,2113
1390,2068
1391,2245
1392,2114
1393,2135
1394,2152
1395,2136
1396,2155
1397,2201
1398,2157
1399,2173
1400,2192
1401,2257
1402,2209
1403,2268
1404,2254
1405,2211
1406,2309
1407,2151
1408,2254
1409,2202
1410,2145
1411,2156
1412,2184
1413,2221
1414,2262
1415,2275
1416,2205
1417,2281
1418,2261
1419,2268
1420,2220
1421,2198
1422,2229
1423,2234
1424,2242
1425,2263
1426,2202
1427,2250
1428,2258
1429,2299
1430,2239
1431,2252
1432,2236
1433,2227
1434,2270
1435,2237
1436,2257
1437,2306
1438,2300
1439,2295
1440,2287
1441,2259
1442,2276
1443,2236
1444,2197
1445,2299
1446,2382
1447,2362
1448,2210
1449,2251
1450,2252
1451,2306
1452,2308
1453,2294
1454,2208
1455,2229
1456,2200
1457,2234
1458,2275
1459,2329
1460,2286
1461,2253
1462,2216
1463,2298
1464,2349
1465,2295
1466,2288
1467,2319
1468,2255
1469,2253
1470,2278
1471,2203
1472,2289
1473,2155
1474,2351
1475,2181
1476,2292
1477,2253
1478,2255
1479,2206
1480,2292
1481,2312
1482,2264
1483,2249
1484,2286
1485,2283
1486,2286
1487,2231
1488,2258
1489,2299
1490,2439
1491,2377
1492,2312
1493,2323
1494,2264
1495,2262
1496,2344
1497,2234
1498,2293
1499,2262
1500,2308
1501,2326
1502,2224
1503,2256
1504,2263
1505,2226
1506,2393
1507,2399
1508,2246
1509,2359
1510,2349
1511,2287
1512,2281
1513,2322
1514,2355
1515,2379
1516,2328
1517,2343
1518,2351
1519,2291
1520,2294
1521,2306
1522,2322
1523,2375
1524,2352
1525,2400
1526,2340
1527,2353
1528,2278
1529,2286
1530,2286
1531,2312
1532,2317
1533,2302
1534,2303
1535,2302
1536,2380
1537,2270
1538,2259
1539,2325
1540,2324
1541,2335
1542,2301
1543,2335
1544,2388
1545,2342
1546,2306
1547,2374
1548,2388
1549,2356
1550,2334
1551,2449
1552,2344
1553,2395
1554,2410
1555,2269
1556,2354
1557,2369
1558,2331
1559,2429
1560,2361
1561,2480
1562,2470
1563,2375
1564,2365
1565,2355
1566,2385
1567,2404
1568,2397
1569,2472
1570,2465
1571,2486
1572,2484
1573,2323
1574,2360
1575,2376
1576,2394
1577,2404
1578,2440
1579,2400
1580,2443
1581,2433
1582,2407
1583,2387
1584,2467
1585,2396
1586,2388
1587,2431
1588,2419
1589,2449
1590,2483
1591,2462
1592,2448
1593,2385
1594,2450
1595,2433
1596,2446
1597,2482
1598,2508
1599,2398
1600,2476
1601,2486
1602,2384
1603,2481
1604,2389
1605,2502
1606,2424
1607,2584
1608,2493
1609,2488
1610,2485
1611,2498
1612,2432
1613,2514
1614,2494
1615,2598
1616,2472
1617,2524
1618,2546
1619,2536
1620,2507
1621,2484
1622,2569
1623,2493
1624,2614
1625,2491
1626,2508
1627,2469
1628,2485
1629,2519
1630,2540
1631,2450
1632,2600
1633,2475
1634,2556
1635,2573
1636,2571
1637,2593
1638,2595
1639,2581
1640,2580
1641,2514
1642,2554
1643,2720
1644,2656
1645,2672
1646,2643
1647,2564
1648,2508
1649,2638
1650,2609
1651,2668
1652,2586
1653,2654
1654,2690
1655,2701
1656,2554
1657,2565
1658,2744
1659,2753
1660,2757
1661,2682
1662,2692
1663,2676
1664,2652
1665,2713
1666,2687
1667,2661
1668,2594
1669,2734
1670,2699
1671,2635
1672,2761
1673,2808
1674,2766
1675,2752
1676,2815
1677,2740
1678,2733
1679,2756
1680,2735
1681,2706
1682,2822
1683,2752
1684,2868
1685,2858
1686,2789
1687,2793
1688,2750
1689,2761
1690,2755
1691,2805
1692,2788
1693,2717
1694,2800
1695,2709
1696,2729
1697,2810
1698,2799
1699,2839
1700,2859
1701,2845
1702,2739
1703,2886
1704,2848
1705,2785
1706,2888
1707,2779
1708,2888
1709,2937
1710,2875
1711,2809
1712,2811
1713,2752
1714,2906
1715,2793
1716,2992
1717,2912
1718,2828
1719,2832
1720,2907
1721,2887
1722,2940
1723,2908
1724,2874
1725,2806
1726,2879
1727,2913
1728,2851
1729,2901
1730,2799
1731,2867
1732,2865
1733,2809
1734,2877
1735,2877
1736,2938
1737,2917
1738,2860
1739,2876
1740,2923
1741,2800
1742,2857
1743,2873
1744,2823
1745,2886
1746,2839
1747,2918
1748,2797
1749,2904
1750,2931
1751,2812
1752,2727
1753,2920
1754,2979
1755,2869
1756,2871
1757,2887
1758,2841
1759,2860
1760,2810
1761,2744
1762,2655
1763,2812
1764,2760
1765,2784
1766,2665
1767,2678
1768,2822
1769,2759
1770,2716
1771,2826
1772,2811
1773,2735
1774,2832
1775,2752
1776,2710
1777,2733
1778,2827
1779,2868
1780,2636
1781,2779
1782,2757
1783,2641
1784,2693
1785,2613
1786,2722
1787,2668
1788,2668
1789,2718
1790,2685
1791,2669
1792,2600
1793,2611
1794,2595
1795,2570
1796,2666
1797,2653
1798,2606
1799,2657
1800,2572
1801,2581
1802,2489
1803,2509
1804,2603
1805,2608
1806,2432
1807,2476
1808,2539
1809,2531
1810,2384
1811,2478
1812,2552
1813,2417
1814,2485
1815,2476
1816,2431
1817,2544
1818,2440
1819,2482
1820,2456
1821,2374
1822,2408
1823,2439
1824,2397
1825,2386
1826,2319
1827,2424
1828,2391
1829,2386
1830,2347
1831,2426
1832,2403
1833,2311
1834,2359
1835,2413
1836,2301
1837,2360
1838,2342
1839,2346
1840,2257
1841,2330
1842,2335
1843,2296
1844,2258
1845,2269
1846,2274
1847,2264
1848,2245
1849,2259
1850,2198
1851,2142
1852,2244
1853,2207
1854,2220
1855,2268
1856,2226
1857,2224
1858,2238
1859,2238
1860,2118
1861,2105
1862,2125
1863,2120
1864,2116
1865,2103
1866,2066
1867,2160
1868,2071
1869,2159
1870,2179
1871,2111
1872,2179
1873,2130
1874,2195
1875,2072
1876,2052
1877,2077
1878,2038
1879,2090
1880,1967
1881,2066
1882,2012
1883,2041
1884,2028
1885,2039
1886,1992
1887,2065
1888,1961
1889,1931
1890,1975
1891,1956
1892,1969
1893,1969
1894,1935
1895,1895
1896,1930
1897,2051
1898,2058
1899,2021
1900,2005
1901,1941
1902,1965
1903,1942
1904,2013
1905,1912
1906,1926
1907,1927
1908,1815
1909,1828
1910,1834
1911,1939
1912,1884
1913,1824
1914,1879
1915,1800
1916,1907
1917,1790
1918,1940
1919,1882
1920,1867
1921,1821
1922,1775
1923,1886
1924,1815
1925,1796
1926,1796
1927,1824
1928,1758
1929,1716
1930,1793
1931,1738
1932,1746
1933,1742
1934,1779
1935,1723
1936,1830
1937,1772
1938,1812
1939,1732
1940,1704
1941,1714
1942,1755
1943,1712
1944,1741
1945,1715
1946,1702
1947,1797
1948,1716
1949,1684
1950,1550
1951,1708
1952,1588
1953,1723
1954,1616
1955,1644
1956,1673
1957,1685
1958,1610
1959,1600
1960,1641
1961,1608
1962,1632
1963,1677
1964,1613
1965,1649
1966,1635
1967,1604
1968,1543
1969,1615
1970,1616
1971,1617
1972,1576
1973,1676
1974,1527
1975,1515
1976,1584
1977,1548
1978,1563
1979,1540
1980,1503
1981,1502
1982,1501
1983,1526
1984,1518
1985,1588
1986,1568
1987,1560
1988,1581
1989,1534
1990,1507
1991,1538
1992,1527
1993,1519
1994,1552
1995,1583
1996,1476
1997,1588
1998,1487
1999,1504
2000,1523
2001,1535
2002,1504
2003,1536
2004,1546
2005,1447
2006,1556
2007,1489
2008,1544
2009,1480
2010,1508
2011,1463
2012,1479
2013,1511
2014,1452
2015,1495
2016,1447
2017,1514
2018,1460
2019,1408
2020,1404
2021,1405
2022,1406
2023,1446
2024,1441
2025,1425
2026,1480
2027,1453
2028,1362
2029,1420
2030,1451
2031,1432
2032,1392
2033,1429
2034,1381
2035,1380
2036,1367
2037,1297
2038,1432
2039,1323
2040,1464
2041,1395
2042,1330
2043,1345
2044,1333
2045,1390
2046,1374
2047,1390
2048,1362
2049,1407
2050,1349
2051,1331
2052,1422
2053,1398
2054,1379
2055,1377
2056,1331
2057,1336
2058,1353
2059,1366
2060,1267
2061,1373
2062,1291
2063,1340
2064,1343
2065,1293
2066,1298
2067,1331
2068,1345
2069,1311
2070,1298
2071,1415
2072,1349
2073,1318
2074,1354
2075,1243
2076,1337
2077,1320
2078,1366
2079,1318
2080,1299
2081,1244
2082,1266
2083,1250
2084,1285
2085,1180
2086,1204
2087,1272
2088,1279
2089,1228
2090,1346
2091,1245
2092,1287
2093,1258
2094,1288
2095,1249
2096,1269
2097,1223
2098,1244
2099,1186
2100,1298
2101,1231
2102,1218
2103,1238
2104,1190
2105,1239
2106,1263
2107,1188
2108,1214
2109,1214
2110,1248
2111,1198
2112,1256
2113,1199
2114,1207
2115,1194
2116,1207
2117,1116
2118,1197
2119,1182
2120,1212
2121,1191
2122,1231
2123,1159
2124,1191
2125,1179
2126,1166
2127,1215
2128,1223
2129,1163
2130,1210
2131,1160
2132,1187
2133,1135
2134,1199
2135,1157
2136,1146
2137,1078
2138,1187
2139,1130
2140,1082
2141,1128
2142,1153
2143,1100
2144,1111
2145,1076
2146,1133
2147,1144
2148,1094
2149,1074
2150,1036
2151,1110
2152,1098
2153,1090
2154,1118
2155,1106
2156,1080
2157,1066
2158,1139
2159,1087
2160,1051
2161,1074
2162,1122
2163,1066
2164,1109
2165,1079
2166,1067
2167,1004
2168,1014
2169,1022
2170,1053
2171,1024
2172,1053
2173,1056
2174,1029
2175,1005
2176,1053
2177,955
2178,1013
2179,943
2180,1019
2181,999
2182,967
2183,973
2184,998
2185,976
2186,962
2187,1000
2188,1033
2189,966
2190,1051
2191,935
2192,1032
2193,1013
2194,989
2195,932
2196,959
2197,931
2198,963
2199,892
2200,954
2201,891
2202,923
2203,978
2204,968
2205,962
2206,1000
2207,930
2208,945
2209,913
2210,903
2211,928
2212,911
2213,954
2214,945
2215,938
2216,870
2217,943
2218,893
2219,891
2220,940
2221,866
2222,893
2223,833
2224,868
2225,919
2226,862
2227,881
2228,883
2229,845
2230,892
2231,855
2232,825
2233,868
2234,886
2235,852
2236,836
2237,850
2238,765
2239,817
2240,754
2241,828
2242,843
2243,803
2244,765
2245,793
2246,775
2247,734
2248,818
2249,780
2250,828
2251,745
2252,786
2253,803
2254,726
2255,836
2256,838
2257,837
2258,794
2259,778
2260,719
2261,786
2262,754
2263,698
2264,755
2265,727
2266,740
2267,707
2268,728
2269,747
2270,715
2271,697
2272,744
2273,681
2274,728
2275,737
2276,702
2277,680
2278,674
2279,658
2280,669
2281,711
2282,650
2283,736
2284,657
2285,687
2286,660
2287,685
2288,682
2289,641
2290,667
2291,659
2292,617
2293,631
2294,632
2295,639
2296,640
2297,646
2298,627
2299,604
2300,637
2301,637
2302,639
2303,660
2304,635
2305,579
2306,599
2307,583
2308,621
2309,599
2310,588
2311,593
2312,565
2313,548
2314,596
2315,599
2316,576
2317,598
2318,594
2319,602
2320,552
2321,514
2322,549
2323,556
2324,568
2325,499
2326,579
2327,600
2328,543
2329,594
2330,562
2331,515
2332,509
2333,522
2334,478
2335,525
2336,530
2337,528
2338,524
2339,516
2340,509
2341,529
2342,517
2343,513
2344,503
2345,513
2346,515
2347,471
2348,484
2349,465
2350,507
2351,497
2352,412
2353,458
2354,412
2355,422
2356,474
2357,474
2358,457
2359,455
2360,495
2361,449
2362,397
2363,449
2364,406
2365,415
2366,393
2367,437
2368,417
2369,405
2370,452
2371,424
2372,431
2373,427
2374,394
2375,394
2376,415
2377,410
2378,392
2379,396
2380,422
2381,397
2382,373
2383,355
2384,395
2385,392
2386,355
2387,329
2388,370
2389,371
2390,376
2391,341
2392,344
2393,380
2394,318
2395,334
2396,351
2397,339
2398,353
2399,358
2400,339
2401,330
2402,343
2403,351
2404,309
2405,292
2406,338
2407,334
2408,302
2409,326
2410,321
2411,340
2412,292
2413,335
2414,300
2415,325
2416,283
2417,279
2418,253
2419,300
2420,288
2421,305
2422,292
2423,286
2424,259
2425,321
2426,290
2427,286
2428,300
2429,260
2430,277
2431,288
2432,233
2433,281
2434,267
2435,255
2436,264
2437,236
2438,277
2439,283
2440,222
2441,260
2442,246
2443,247
2444,249
2445,262
2446,267
2447,234
2448,250
2449,264
2450,238
2451,267
2452,248
2453,235
2454,229
2455,239
2456,222
2457,241
2458,219
2459,234
2460,237
2461,202
2462,236
2463,196
2464,236
2465,219
2466,214
2467,225
2468,219
2469,224
2470,219
2471,228
2472,201
2473,206
2474,223
2475,192
2476,219
2477,212
2478,236
2479,218
2480,201
2481,206
2482,194
2483,195
2484,192
2485,206
2486,198
2487,217
2488,192
2489,203
2490,186
2491,172
2492,212
2493,197
2494,183
2495,180
2496,185
2497,180
2498,158
2499,183
2500,177
2501,176
2502,160
2503,168
2504,181
2505,179
2506,156
2507,193
2508,189
2509,155
2510,173
2511,159
2512,134
2513,156
2514,153
2515,160
2516,155
2517,155
2518,150
2519,167
2520,161
2521,173
2522,155
2523,147
2524,148
2525,139
2526,141
2527,169
2528,162
2529,153
2530,139
2531,143
2532,138
2533,129
2534,178
2535,160
2536,130
2537,160
2538,148
2539,131
2540,124
2541,129
2542,132
2543,126
2544,141
2545,123
2546,134
2547,142
2548,130
2549,129
2550,152
2551,104
2552,123
2553,138
2554,117
2555,123
2556,120
2557,145
2558,131
2559,131
2560,142
2561,127
2562,149
2563,126
2564,144
2565,128
2566,159
2567,136
2568,128
2569,129
2570,142
2571,132
2572,125
2573,93
2574,122
2575,103
2576,114
2577,115
2578,106
2579,120
2580,128
2581,110
2582,106
2583,114
2584,123
2585,118
2586,102
2587,101
2588,127
2589,125
2590,101
2591,128
2592,84
2593,114
2594,134
2595,100
2596,103
2597,117
2598,100
2599,89
2600,99
2601,101
2602,120
2603,114
2604,97
2605,111
2606,80
2607,96
2608,126
2609,76
2610,111
2611,92
2612,110
2613,96
2614,97
2615,95
2616,114
2617,100
2618,103
2619,80
2620,88
2621,85
2622,93
2623,76
2624,86
2625,95
2626,101
2627,83
2628,72
2629,92
2630,86
2631,79
2632,99
2633,77
2634,79
2635,76
2636,95
2637,85
2638,90
2639,92
2640,78
2641,80
2642,81
2643,84
2644,74
2645,89
2646,80
2647,92
2648,81
2649,73
2650,83
2651,91
2652,80
2653,87
2654,100
2655,78
2656,90
2657,78
2658,92
2659,84
2660,75
2661,69
2662,74
2663,69
2664,78
2665,73
2666,87
2667,91
2668,71
2669,76
2670,81
2671,77
2672,95
2673,83
2674,74
2675,76
2676,77
2677,87
2678,89
2679,72
2680,86
2681,67
2682,96
2683,82
2684,75
2685,68
2686,98
2687,79
2688,72
2689,92
2690,94
2691,66
2692,73
2693,63
2694,80
2695,57
2696,72
2697,67
2698,84
2699,82
2700,81
2701,70
2702,79
2703,71
2704,71
2705,75
2706,90
2707,92
2708,71
2709,79
2710,57
2711,67
2712,71
2713,47
2714,76
2715,74
2716,65
2717,69
2718,69
2719,59
2720,72
2721,71
2722,56
2723,57
2724,69
2725,67
2726,64
2727,69
2728,77
2729,63
2730,66
2731,52
2732,90
2733,57
2734,69
2735,61
2736,61
2737,69
2738,77
2739,66
2740,68
2741,49
2742,71
2743,67
2744,60
2745,67
2746,65
2747,66
2748,56
2749,52
2750,59
2751,68
2752,51
2753,63
2754,69
2755,67
2756,77
2757,53
2758,47
2759,67
2760,62
2761,72
2762,57
2763,65
2764,60
2765,69
2766,65
2767,64
2768,76
2769,65
2770,67
2771,60
2772,64
2773,51
2774,51
2775,51
2776,64
2777,49
2778,57
2779,63
2780,59
2781,51
2782,54
2783,75
2784,60
2785,40
2786,56
2787,71
2788,45
2789,54
2790,63
2791,66
2792,59
2793,57
2794,58
2795,61
2796,56
2797,57
2798,55
2799,56
2800,57
2801,52
2802,61
2803,68
2804,72
2805,53
2806,62
2807,59
2808,61
2809,69
2810,42
2811,70
2812,55
2813,63
2814,57
2815,65
2816,51
2817,59
2818,56
2819,56
2820,47
2821,50
2822,53
2823,61
2824,52
2825,57
2826,51
2827,54
2828,52
2829,65
2830,66
2831,56
2832,70
2833,54
2834,68
2835,43
2836,57
2837,46
2838,52
2839,54
2840,73
2841,64
2842,56
2843,68
2844,63
2845,49
2846,52
2847,57
2848,54
2849,52
2850,55
2851,63
2852,63
2853,53
2854,52
2855,44
2856,49
2857,59
2858,50
2859,47
2860,56
2861,47
2862,54
2863,57
2864,51
2865,58
2866,58
2867,55
2868,49
2869,55
2870,54
2871,49
2872,75
2873,55
2874,47
2875,59
2876,59
2877,54
2878,54
2879,45
2880,56
2881,57
2882,54
2883,51
2884,59
2885,47
2886,52
2887,46
2888,55
2889,42
2890,47
2891,37
2892,46
2893,50
2894,59
2895,60
2896,43
2897,46
2898,50
2899,51
2900,49
2901,46
2902,52
2903,48
2904,47
2905,55
2906,42
2907,74
2908,59
2909,44
2910,40
2911,58
2912,60
2913,63
2914,62
2915,56
2916,46
2917,52
2918,49
2919,60
2920,50
2921,72
2922,54
2923,49
2924,61
2925,61
2926,57
2927,65
2928,37
2929,70
2930,63
2931,50
2932,45
2933,43
2934,63
2935,66
2936,50
2937,44
2938,53
2939,48
2940,49
2941,38
2942,38
2943,57
2944,48
2945,54
2946,49
2947,47
2948,54
2949,53
2950,53
2951,62
2952,58
2953,45
2954,44
2955,26
2956,53
2957,43
2958,43
2959,47
2960,54
2961,46
2962,57
2963,51
2964,32
2965,61
2966,41
2967,62
2968,59
2969,56
2970,46
2971,61
2972,57
2973,54
2974,54
2975,47
2976,49
2977,53
2978,47
2979,55
2980,63
2981,59
2982,63
2983,40
2984,45
2985,43
2986,43
2987,50
2988,48
2989,47
2990,49
2991,52
2992,43
2993,57
2994,41
2995,56
2996,46
2997,47
2998,40
2999,45
3000,43
3001,50
3002,67
3003,61
3004,60
3005,49
3006,60
3007,34
3008,45
3009,39
3010,38
3011,50
3012,45
3013,49
3014,45
3015,52
3016,50
3017,59
3018,68
3019,73
3020,54
3021,54
3022,51
3023,45
3024,49
3025,42
3026,41
3027,42
3028,37
3029,48
3030,44
3031,53
3032,40
3033,41
3034,50
3035,48
3036,46
3037,48
3038,44
3039,41
3040,56
3041,51
3042,48
3043,41
3044,42
3045,59
3046,60
3047,41
3048,37
3049,51
3050,41
3051,44
3052,48
3053,47
3054,37
3055,49
3056,48
3057,52
3058,43
3059,44
3060,44
3061,49
3062,50
3063,43
3064,47
3065,46
3066,48
3067,53
3068,37
3069,53
3070,38
3071,48
3072,48
3073,40
3074,38
3075,49
3076,40
3077,52
3078,34
3079,44
3080,49
3081,34
3082,34
3083,35
3084,43
3085,38
3086,29
3087,25
3088,50
3089,41
3090,45
3091,46
3092,40
3093,39
3094,42
3095,46
3096,37
3097,50
3098,51
3099,43
3100,44
3101,40
3102,53
3103,41
3104,36
3105,34
3106,39
3107,46
3108,41
3109,47
3110,60
3111,34
3112,44
3113,38
3114,35
3115,38
3116,49
3117,37
3118,33
3119,36
3120,39
3121,41
3122,36
3123,40
3124,34
3125,48
3126,43
3127,38
3128,41
3129,43
3130,39
3131,57
3132,42
3133,37
3134,33
3135,30
3136,38
3137,46
3138,50
3139,51
3140,56
3141,43
3142,38
3143,30
3144,36
3145,41
3146,39
3147,36
3148,44
3149,43
3150,53
3151,37
3152,42
3153,50
3154,37
3155,36
3156,39
3157,40
3158,34
3159,40
3160,60
3161,41
3162,58
3163,41
3164,29
3165,39
3166,48
3167,43
3168,40
3169,32
3170,30
3171,34
3172,37
3173,33
3174,39
3175,35
3176,40
3177,28
3178,34
3179,40
3180,38
3181,34
3182,29
3183,42
3184,40
3185,33
3186,44
3187,40
3188,32
3189,35
3190,30
3191,35
3192,43
3193,43
3194,28
3195,33
3196,30
3197,30
3198,32
3199,31
3200,41
3201,30
3202,33
3203,34
3204,45
3205,42
3206,38
3207,38
3208,36
3209,24
3210,27
3211,26
3212,39
3213,38
3214,31
3215,21
3216,28
3217,37
3218,35
3219,32
3220,31
3221,33
3222,32
3223,36
3224,30
3225,32
3226,27
3227,29
3228,24
3229,19
3230,32
3231,23
3232,20
3233,24
3234,30
3235,24
3236,31
3237,34
3238,37
3239,28
3240,28
3241,27
3242,28
3243,26
3244,24
3245,25
3246,27
3247,24
3248,22
3249,22
3250,18
3251,26
3252,17
3253,23
3254,20
3255,32
3256,14
3257,23
3258,27
3259,37
3260,27
3261,25
3262,21
3263,28
3264,25
3265,23
3266,32
3267,28
3268,21
3269,21
3270,28
3271,27
3272,33
3273,19
3274,29
3275,25
3276,25
3277,18
3278,26
3279,20
3280,20
3281,17
3282,20
3283,20
3284,19
3285,25
3286,15
3287,19
3288,17
3289,24
3290,22
3291,22
3292,21
3293,22
3294,13
3295,17
3296,22
3297,11
3298,22
3299,17
3300,16
3301,17
3302,20
3303,12
3304,18
3305,12
3306,21
3307,15
3308,16
3309,14
3310,22
3311,12
3312,21
3313,11
3314,11
3315,13
3316,17
3317,15
3318,13
3319,18
3320,7
3321,12
3322,14
3323,11
3324,16
3325,17
3326,14
3327,15
3328,10
3329,14
3330,19
3331,12
3332,10
3333,20
3334,19
3335,12
3336,16
3337,13
3338,15
3339,19
3340,14
3341,22
3342,18
3343,16
3344,17
3345,10
3346,10
3347,18
3348,22
3349,9
3350,12
3351,17
3352,9
3353,28
3354,15
3355,15
3356,8
3357,9
3358,13
3359,9
3360,6
3361,8
3362,10
3363,8
3364,15
3365,9
3366,12
3367,10
3368,10
3369,5
3370,7
3371,7
3372,11
3373,12
3374,14
3375,7
3376,11
3377,12
3378,12
3379,17
3380,12
3381,13
3382,10
3383,10
3384,15
3385,12
3386,13
3387,6
3388,8
3389,7
3390,8
3391,3
3392,6
3393,10
3394,6
3395,7
3396,7
3397,8
3398,8
3399,8
3400,9
3401,7
3402,2
3403,7
3404,7
3405,6
3406,9
3407,5
3408,5
3409,9
3410,3
3411,4
3412,2
3413,6
3414,4
3415,5
3416,8
3417,6
3418,7
3419,8
3420,7
3421,5
3422,6
3423,5
3424,8
3425,5
3426,6
3427,3
3428,3
3429,7
3430,10
3431,2
3432,7
3433,4
3434,4
3435,4
3436,3
3437,6
3438,6
3439,6
3440,5
3441,6
3442,4
3443,5
3444,5
3445,4
3446,8
3447,5
3448,6
3449,3
3450,3
3451,2
3452,2
3453,1
3454,3
3455,2
3456,2
3457,2
3458,1
3460,3
3461,1
3462,3
3463,5
3464,2
3465,2
3466,4
3467,2
3468,3
3469,3
3470,2
3471,2
3472,3
3473,2
3474,3
3475,3
3476,1
3477,2
3478,3
3479,2
3480,2
3481,1
3482,2
3483,3
3484,2
3485,3
3487,2
3488,3
3489,3
3490,2
3491,1
3492,3
3493,2
3494,4
3495,2
3496,1
3497,4
3498,1
3500,5
3501,2
3502,1
3503,5
3504,2
3505,1
3506,1
3507,1
3508,4
3509,2
3510,1
3511,1
3512,1
3513,2
3515,1
3517,2
3518,3
3519,1
3521,2
3522,2
3523,2
3525,1
3526,2
3528,2
3529,2
3530,3
3531,2
3533,1
3534,2
3535,3
3536,1
3541,2
3542,1
3544,2
3545,2
3546,3
3547,2
3549,3
3551,3
3552,1
3553,2
3555,1
3557,1
3558,1
3559,1
3560,1
3562,1
3563,1
3564,3
3565,1
3569,3
3571,1
3574,2
3577,1
3578,2
3580,1
3581,1
3585,1
3586,1
3589,3
3590,1
3592,1
3594,2
3599,1
3600,2
3602,1
3603,1
3604,1
3607,1
3608,1
3609,2
3610,1
3614,2
3616,1
3618,1
3620,1
3625,2
3630,2
3631,1
3636,1
3639,1
3643,1
3649,1
3654,1
3657,1
3659,1
3664,1
3668,1
3674,1
3675,2
3677,1
3680,1
3683,1
3695,1
3698,1
3707,1
3709,1
3727,1
3731,1
3732,1
3733,1
3734,1
3741,1
3769,1
3786,1
4005,1
4194,1
5839,1
5942,1
5948,1
5952,1
5954,1
